,precision,recall,f1-score,support
cloudy,1.0,1.0,1.0,300.0
desert,1.0,1.0,1.0,227.0
green_area,0.9026845637583892,0.8966666666666666,0.8996655518394648,300.0
water,0.8973509933774835,0.9033333333333333,0.9003322259136213,300.0
accuracy,0.9467613132209406,0.9467613132209406,0.9467613132209406,0.9467613132209406
macro avg,0.9500088892839682,0.95,0.9499994444382716,1127.0
weighted avg,0.946770778297038,0.9467613132209406,0.9467607216734035,1127.0
