,precision,recall,f1-score,support
cloudy,1.0,1.0,1.0,300.0
desert,1.0,1.0,1.0,227.0
green_area,0.9155555555555556,0.6866666666666666,0.7847619047619048,300.0
water,0.7493333333333333,0.9366666666666666,0.8325925925925926,300.0
accuracy,0.8997338065661047,0.8997338065661047,0.8997338065661047,0.8997338065661047
macro avg,0.9162222222222223,0.9058333333333333,0.9043386243386244,1127.0
weighted avg,0.9107956225968649,0.8997338065661047,0.8981422796862015,1127.0
