,precision,recall,f1-score,support
cloudy,1.0,1.0,1.0,300.0
desert,1.0,1.0,1.0,227.0
green_area,0.9896551724137931,0.9566666666666667,0.9728813559322034,300.0
water,0.9580645161290322,0.99,0.9737704918032787,300.0
accuracy,0.9858030168589175,0.9858030168589175,0.9858030168589175,0.9858030168589175
macro avg,0.9869299221357063,0.9866666666666666,0.9866629619338705,1127.0
weighted avg,0.9860833243680989,0.9858030168589175,0.9857990721567389,1127.0
